{
  "form": [
    {
      "box": [
        169,
        218,
        265,
        237
      ],
      "text": "INEOS Group Limited Inc.",
      "label": "answer",
      "words": [
        {
          "box": [
            169,
            218,
            196,
            237
          ],
          "text": "INEOS"
        },
        {
          "box": [
            200,
            218,
            227,
            237
          ],
          "text": "Group"
        },
        {
          "box": [
            231,
            218,
            265,
            237
          ],
          "text": "Limited"
        },
        {
          "box": [
            249,
            218,
            265,
            237
          ],
          "text": "Inc."
        }
      ],
      "id": 0,
      "linking": [
        0,
        1
      ]
    },
    {
      "box": [
        35,
        206,
        68,
        225
      ],
      "text": "Shipper",
      "label": "question",
      "words": [
        {
          "box": [
            35,
            206,
            68,
            225
          ],
          "text": "Shipper"
        }
      ],
      "id": 1,
      "linking": [
        0,
        1
      ]
    },
    {
      "box": [
        148,
        250,
        265,
        269
      ],
      "text": "Jessica Davis Development Department",
      "label": "answer",
      "words": [
        {
          "box": [
            207,
            250,
            237,
            269
          ],
          "text": "Jessica"
        },
        {
          "box": [
            241,
            250,
            265,
            269
          ],
          "text": "Davis"
        },
        {
          "box": [
            148,
            250,
            207,
            269
          ],
          "text": "Development"
        },
        {
          "box": [
            211,
            250,
            265,
            269
          ],
          "text": "Department"
        }
      ],
      "id": 2,
      "linking": [
        2,
        3
      ]
    },
    {
      "box": [
        35,
        238,
        71,
        257
      ],
      "text": "Attn. To",
      "label": "question",
      "words": [
        {
          "box": [
            35,
            238,
            57,
            257
          ],
          "text": "Attn."
        },
        {
          "box": [
            61,
            238,
            71,
            257
          ],
          "text": "To"
        }
      ],
      "id": 3,
      "linking": [
        2,
        3
      ]
    },
    {
      "box": [
        449,
        250,
        514,
        269
      ],
      "text": "(917) 321-9876",
      "label": "answer",
      "words": [
        {
          "box": [
            449,
            250,
            471,
            269
          ],
          "text": "(917)"
        },
        {
          "box": [
            475,
            250,
            514,
            269
          ],
          "text": "321-9876"
        }
      ],
      "id": 4,
      "linking": [
        4,
        5
      ]
    },
    {
      "box": [
        410,
        238,
        478,
        257
      ],
      "text": "Phone Number",
      "label": "question",
      "words": [
        {
          "box": [
            410,
            238,
            438,
            257
          ],
          "text": "Phone"
        },
        {
          "box": [
            442,
            238,
            478,
            257
          ],
          "text": "Number"
        }
      ],
      "id": 5,
      "linking": [
        4,
        5
      ]
    },
    {
      "box": [
        374,
        250,
        389,
        269
      ],
      "text": "206",
      "label": "answer",
      "words": [
        {
          "box": [
            374,
            250,
            389,
            269
          ],
          "text": "206"
        }
      ],
      "id": 6,
      "linking": [
        6,
        7
      ]
    },
    {
      "box": [
        286,
        238,
        332,
        257
      ],
      "text": "Area Code",
      "label": "question",
      "words": [
        {
          "box": [
            286,
            238,
            306,
            257
          ],
          "text": "Area"
        },
        {
          "box": [
            310,
            238,
            332,
            257
          ],
          "text": "Code"
        }
      ],
      "id": 7,
      "linking": [
        6,
        7
      ]
    }
  ]
}