{
  "form": [
    {
      "box": [
        205,
        218,
        265,
        237
      ],
      "text": "Dow Inc. Nemours Inc.",
      "label": "answer",
      "words": [
        {
          "box": [
            225,
            218,
            245,
            237
          ],
          "text": "Dow"
        },
        {
          "box": [
            249,
            218,
            265,
            237
          ],
          "text": "Inc."
        },
        {
          "box": [
            205,
            218,
            245,
            237
          ],
          "text": "Nemours"
        },
        {
          "box": [
            249,
            218,
            265,
            237
          ],
          "text": "Inc."
        }
      ],
      "id": 0,
      "linking": [
        0,
        1
      ]
    },
    {
      "box": [
        35,
        206,
        68,
        225
      ],
      "text": "Shipper",
      "label": "question",
      "words": [
        {
          "box": [
            35,
            206,
            68,
            225
          ],
          "text": "Shipper"
        }
      ],
      "id": 1,
      "linking": [
        0,
        1
      ]
    },
    {
      "box": [
        148,
        250,
        265,
        269
      ],
      "text": "James Gonzalez Development Department",
      "label": "answer",
      "words": [
        {
          "box": [
            194,
            250,
            221,
            269
          ],
          "text": "James"
        },
        {
          "box": [
            225,
            250,
            265,
            269
          ],
          "text": "Gonzalez"
        },
        {
          "box": [
            148,
            250,
            207,
            269
          ],
          "text": "Development"
        },
        {
          "box": [
            211,
            250,
            265,
            269
          ],
          "text": "Department"
        }
      ],
      "id": 2,
      "linking": [
        2,
        3
      ]
    },
    {
      "box": [
        35,
        238,
        71,
        257
      ],
      "text": "Attn. To",
      "label": "question",
      "words": [
        {
          "box": [
            35,
            238,
            57,
            257
          ],
          "text": "Attn."
        },
        {
          "box": [
            61,
            238,
            71,
            257
          ],
          "text": "To"
        }
      ],
      "id": 3,
      "linking": [
        2,
        3
      ]
    },
    {
      "box": [
        449,
        250,
        514,
        269
      ],
      "text": "(512) 462-9513",
      "label": "answer",
      "words": [
        {
          "box": [
            449,
            250,
            471,
            269
          ],
          "text": "(512)"
        },
        {
          "box": [
            475,
            250,
            514,
            269
          ],
          "text": "462-9513"
        }
      ],
      "id": 4,
      "linking": [
        4,
        5
      ]
    },
    {
      "box": [
        410,
        238,
        478,
        257
      ],
      "text": "Phone Number",
      "label": "question",
      "words": [
        {
          "box": [
            410,
            238,
            438,
            257
          ],
          "text": "Phone"
        },
        {
          "box": [
            442,
            238,
            478,
            257
          ],
          "text": "Number"
        }
      ],
      "id": 5,
      "linking": [
        4,
        5
      ]
    },
    {
      "box": [
        374,
        250,
        389,
        269
      ],
      "text": "212",
      "label": "answer",
      "words": [
        {
          "box": [
            374,
            250,
            389,
            269
          ],
          "text": "212"
        }
      ],
      "id": 6,
      "linking": [
        6,
        7
      ]
    },
    {
      "box": [
        286,
        238,
        332,
        257
      ],
      "text": "Area Code",
      "label": "question",
      "words": [
        {
          "box": [
            286,
            238,
            306,
            257
          ],
          "text": "Area"
        },
        {
          "box": [
            310,
            238,
            332,
            257
          ],
          "text": "Code"
        }
      ],
      "id": 7,
      "linking": [
        6,
        7
      ]
    }
  ]
}